id,name,type,stock_code,market,description,source
company_600176_sh,中国巨石,company,600176.SH,主板,A股上市公司,AI细分行业相关标的（A股）.xlsx
company_002080_sz,中材科技,company,002080.SZ,主板,A股上市公司,AI细分行业相关标的（A股）.xlsx
company_603601_sh,再升科技,company,603601.SH,主板,A股上市公司,AI细分行业相关标的（A股）.xlsx
company_603256_sh,宏和科技,company,603256.SH,主板,A股上市公司,AI细分行业相关标的（A股）.xlsx
company_605006_sh,山东玻纤,company,605006.SH,主板,A股上市公司,AI细分行业相关标的（A股）.xlsx
company_002201_sz,正威新材,company,002201.SZ,主板,A股上市公司,AI细分行业相关标的（A股）.xlsx
company_300196_sz,长海股份,company,300196.SZ,创业板,A股上市公司,AI细分行业相关标的（A股）.xlsx
company_300936_sz,中英科技,company,300936.SZ,创业板,A股上市公司,AI细分行业相关标的（A股）.xlsx
company_603186_sh,华正新材,company,603186.SH,主板,A股上市公司,AI细分行业相关标的（A股）.xlsx
company_688519_sh,南亚新材,company,688519.SH,科创板,A股上市公司,AI细分行业相关标的（A股）.xlsx
company_600183_sh,生益科技,company,600183.SH,主板,A股上市公司,AI细分行业相关标的（A股）.xlsx
company_002636_sz,金安国纪,company,002636.SZ,主板,A股上市公司,AI细分行业相关标的（A股）.xlsx
company_301150_sz,中一科技,company,301150.SZ,创业板,A股上市公司,AI细分行业相关标的（A股）.xlsx
company_688388_sh,嘉元科技,company,688388.SH,科创板,A股上市公司,AI细分行业相关标的（A股）.xlsx
company_301511_sz,德福科技,company,301511.SZ,创业板,A股上市公司,AI细分行业相关标的（A股）.xlsx
company_600110_sh,诺德股份,company,600110.SH,主板,A股上市公司,AI细分行业相关标的（A股）.xlsx
company_301217_sz,铜冠铜箔,company,301217.SZ,创业板,A股上市公司,AI细分行业相关标的（A股）.xlsx
company_688019_sh,安集科技,company,688019.SH,科创板,A股上市公司,AI细分行业相关标的（A股）.xlsx
company_300054_sz,鼎龙股份,company,300054.SZ,创业板,A股上市公司,AI细分行业相关标的（A股）.xlsx
company_300236_sz,上海新阳,company,300236.SZ,创业板,A股上市公司,AI细分行业相关标的（A股）.xlsx
company_300346_sz,南大光电,company,300346.SZ,创业板,A股上市公司,AI细分行业相关标的（A股）.xlsx
company_300576_sz,容大感光,company,300576.SZ,创业板,A股上市公司,AI细分行业相关标的（A股）.xlsx
company_300537_sz,广信材料,company,300537.SZ,创业板,A股上市公司,AI细分行业相关标的（A股）.xlsx
company_300429_sz,强力新材,company,300429.SZ,创业板,A股上市公司,AI细分行业相关标的（A股）.xlsx
company_603650_sh,彤程新材,company,603650.SH,主板,A股上市公司,AI细分行业相关标的（A股）.xlsx
company_300721_sz,怡达股份,company,300721.SZ,创业板,A股上市公司,AI细分行业相关标的（A股）.xlsx
company_300637_sz,扬帆新材,company,300637.SZ,创业板,A股上市公司,AI细分行业相关标的（A股）.xlsx
company_300655_sz,晶瑞电材,company,300655.SZ,创业板,A股上市公司,AI细分行业相关标的（A股）.xlsx
company_300398_sz,飞凯材料,company,300398.SZ,创业板,A股上市公司,AI细分行业相关标的（A股）.xlsx
company_301286_sz,侨源股份,company,301286.SZ,创业板,A股上市公司,AI细分行业相关标的（A股）.xlsx
company_002549_sz,凯美特气,company,002549.SZ,主板,A股上市公司,AI细分行业相关标的（A股）.xlsx
company_688268_sh,华特气体,company,688268.SH,科创板,A股上市公司,AI细分行业相关标的（A股）.xlsx
company_300971_sz,和远气体,company,300971.SZ,创业板,A股上市公司,AI细分行业相关标的（A股）.xlsx
company_600378_sh,昊华科技,company,600378.SH,主板,A股上市公司,AI细分行业相关标的（A股）.xlsx
company_688106_sh,金宏气体,company,688106.SH,科创板,A股上市公司,AI细分行业相关标的（A股）.xlsx
company_002409_sz,雅克科技,company,002409.SZ,主板,A股上市公司,AI细分行业相关标的（A股）.xlsx
company_002129_sz,TCL中环,company,002129.SZ,主板,A股上市公司,AI细分行业相关标的（A股）.xlsx
company_003026_sz,中晶科技,company,003026.SZ,主板,A股上市公司,AI细分行业相关标的（A股）.xlsx
company_688432_sh,有研硅,company,688432.SH,科创板,A股上市公司,AI细分行业相关标的（A股）.xlsx
company_688126_sh,沪硅产业,company,688126.SH,科创板,A股上市公司,AI细分行业相关标的（A股）.xlsx
company_688233_sh,神工股份,company,688233.SH,科创板,A股上市公司,AI细分行业相关标的（A股）.xlsx
company_605358_sh,立昂微,company,605358.SH,主板,A股上市公司,AI细分行业相关标的（A股）.xlsx
company_600206_sh,有研新材,company,600206.SH,主板,A股上市公司,AI细分行业相关标的（A股）.xlsx
company_300666_sz,江丰电子,company,300666.SZ,创业板,A股上市公司,AI细分行业相关标的（A股）.xlsx
company_300706_sz,阿石创,company,300706.SZ,创业板,A股上市公司,AI细分行业相关标的（A股）.xlsx
company_300263_sz,隆华科技,company,300263.SZ,创业板,A股上市公司,AI细分行业相关标的（A股）.xlsx
company_002338_sz,奥普光电,company,002338.SZ,主板,A股上市公司,AI细分行业相关标的（A股）.xlsx
company_600895_sh,张江高科,company,600895.SH,主板,A股上市公司,AI细分行业相关标的（A股）.xlsx
company_688010_sh,福光股份,company,688010.SH,科创板,A股上市公司,AI细分行业相关标的（A股）.xlsx
company_002222_sz,福晶科技,company,002222.SZ,主板,A股上市公司,AI细分行业相关标的（A股）.xlsx
company_688376_sh,美埃科技,company,688376.SH,科创板,A股上市公司,AI细分行业相关标的（A股）.xlsx
company_300331_sz,苏大维格,company,300331.SZ,创业板,A股上市公司,AI细分行业相关标的（A股）.xlsx
company_688502_sh,茂莱光学,company,688502.SH,科创板,A股上市公司,AI细分行业相关标的（A股）.xlsx
company_688012_sh,中微公司,company,688012.SH,科创板,A股上市公司,AI细分行业相关标的（A股）.xlsx
company_002371_sz,北方华创,company,002371.SZ,主板,A股上市公司,AI细分行业相关标的（A股）.xlsx
company_688037_sh,芯源微,company,688037.SH,科创板,A股上市公司,AI细分行业相关标的（A股）.xlsx
company_688361_sh,中科飞测,company,688361.SH,科创板,A股上市公司,AI细分行业相关标的（A股）.xlsx
company_688003_sh,天准科技,company,688003.SH,科创板,A股上市公司,AI细分行业相关标的（A股）.xlsx
company_300567_sz,精测电子,company,300567.SZ,创业板,A股上市公司,AI细分行业相关标的（A股）.xlsx
company_603283_sh,赛腾股份,company,603283.SH,主板,A股上市公司,AI细分行业相关标的（A股）.xlsx
company_688082_sh,盛美上海,company,688082.SH,科创板,A股上市公司,AI细分行业相关标的（A股）.xlsx
company_603690_sh,至纯科技,company,603690.SH,主板,A股上市公司,AI细分行业相关标的（A股）.xlsx
company_688147_sh,微导纳米,company,688147.SH,科创板,A股上市公司,AI细分行业相关标的（A股）.xlsx
company_688072_sh,拓荆科技,company,688072.SH,科创板,A股上市公司,AI细分行业相关标的（A股）.xlsx
company_002436_sz,兴森科技,company,002436.SZ,主板,A股上市公司,AI细分行业相关标的（A股）.xlsx
company_603936_sh,博敏电子,company,603936.SH,主板,A股上市公司,AI细分行业相关标的（A股）.xlsx
company_002916_sz,深南电路,company,002916.SZ,主板,A股上市公司,AI细分行业相关标的（A股）.xlsx
company_688535_sh,华海诚科,company,688535.SH,科创板,A股上市公司,AI细分行业相关标的（A股）.xlsx
company_688733_sh,壹石通,company,688733.SH,科创板,A股上市公司,AI细分行业相关标的（A股）.xlsx
company_688035_sh,德邦科技,company,688035.SH,科创板,A股上市公司,AI细分行业相关标的（A股）.xlsx
company_688300_sh,联瑞新材,company,688300.SH,科创板,A股上市公司,AI细分行业相关标的（A股）.xlsx
company_688385_sh,复旦微电,company,688385.SH,科创板,A股上市公司,AI细分行业相关标的（A股）.xlsx
company_688107_sh,安路科技,company,688107.SH,科创板,A股上市公司,AI细分行业相关标的（A股）.xlsx
company_688256_sh,寒武纪,company,688256.SH,科创板,A股上市公司,AI细分行业相关标的（A股）.xlsx
company_688416_sh,恒烁股份,company,688416.SH,科创板,A股上市公司,AI细分行业相关标的（A股）.xlsx
company_300474_sz,景嘉微,company,300474.SZ,创业板,A股上市公司,AI细分行业相关标的（A股）.xlsx
company_688041_sh,海光信息,company,688041.SH,科创板,A股上市公司,AI细分行业相关标的（A股）.xlsx
company_300053_sz,航宇微,company,300053.SZ,创业板,A股上市公司,AI细分行业相关标的（A股）.xlsx
company_688047_sh,龙芯中科,company,688047.SH,科创板,A股上市公司,AI细分行业相关标的（A股）.xlsx
company_688110_sh,东芯股份,company,688110.SH,科创板,A股上市公司,AI细分行业相关标的（A股）.xlsx
company_688525_sh,佰维存储,company,688525.SH,科创板,A股上市公司,AI细分行业相关标的（A股）.xlsx
company_603986_sh,兆易创新,company,603986.SH,主板,A股上市公司,AI细分行业相关标的（A股）.xlsx
company_300223_sz,北京君正,company,300223.SZ,创业板,A股上市公司,AI细分行业相关标的（A股）.xlsx
company_002213_sz,大为股份,company,002213.SZ,主板,A股上市公司,AI细分行业相关标的（A股）.xlsx
company_001309_sz,德明利,company,001309.SZ,主板,A股上市公司,AI细分行业相关标的（A股）.xlsx
company_688766_sh,普冉股份,company,688766.SH,科创板,A股上市公司,AI细分行业相关标的（A股）.xlsx
company_300042_sz,朗科科技,company,300042.SZ,创业板,A股上市公司,AI细分行业相关标的（A股）.xlsx
company_301308_sz,江波龙,company,301308.SZ,创业板,A股上市公司,AI细分行业相关标的（A股）.xlsx
company_603920_sh,世运电路,company,603920.SH,主板,A股上市公司,AI细分行业相关标的（A股）.xlsx
company_002384_sz,东山精密,company,002384.SZ,主板,A股上市公司,AI细分行业相关标的（A股）.xlsx
company_603328_sh,依顿电子,company,603328.SH,主板,A股上市公司,AI细分行业相关标的（A股）.xlsx
company_002134_sz,天津普林,company,002134.SZ,主板,A股上市公司,AI细分行业相关标的（A股）.xlsx
company_002913_sz,奥士康,company,002913.SZ,主板,A股上市公司,AI细分行业相关标的（A股）.xlsx
company_002815_sz,崇达技术,company,002815.SZ,主板,A股上市公司,AI细分行业相关标的（A股）.xlsx
company_600601_sh,方正科技,company,600601.SH,主板,A股上市公司,AI细分行业相关标的（A股）.xlsx
company_603228_sh,景旺电子,company,603228.SH,主板,A股上市公司,AI细分行业相关标的（A股）.xlsx
company_300964_sz,本川智能,company,300964.SZ,创业板,A股上市公司,AI细分行业相关标的（A股）.xlsx
company_002463_sz,沪电股份,company,002463.SZ,主板,A股上市公司,AI细分行业相关标的（A股）.xlsx
company_301132_sz,满坤科技,company,301132.SZ,创业板,A股上市公司,AI细分行业相关标的（A股）.xlsx
company_688183_sh,生益电子,company,688183.SH,科创板,A股上市公司,AI细分行业相关标的（A股）.xlsx
company_300903_sz,科翔股份,company,300903.SZ,创业板,A股上市公司,AI细分行业相关标的（A股）.xlsx
company_300476_sz,胜宏科技,company,300476.SZ,创业板,A股上市公司,AI细分行业相关标的（A股）.xlsx
company_688655_sh,迅捷兴,company,688655.SH,科创板,A股上市公司,AI细分行业相关标的（A股）.xlsx
company_603386_sh,骏亚科技,company,603386.SH,主板,A股上市公司,AI细分行业相关标的（A股）.xlsx
company_002938_sz,鹏鼎控股,company,002938.SZ,主板,A股上市公司,AI细分行业相关标的（A股）.xlsx
company_300308_sz,中际旭创,company,300308.SZ,创业板,A股上市公司,AI细分行业相关标的（A股）.xlsx
company_002281_sz,光迅科技,company,002281.SZ,主板,A股上市公司,AI细分行业相关标的（A股）.xlsx
company_603083_sh,剑桥科技,company,603083.SH,主板,A股上市公司,AI细分行业相关标的（A股）.xlsx
company_000988_sz,华工科技,company,000988.SZ,主板,A股上市公司,AI细分行业相关标的（A股）.xlsx
company_300548_sz,博创科技,company,300548.SZ,创业板,A股上市公司,AI细分行业相关标的（A股）.xlsx
company_300394_sz,天孚通信,company,300394.SZ,创业板,A股上市公司,AI细分行业相关标的（A股）.xlsx
company_300570_sz,太辰光,company,300570.SZ,创业板,A股上市公司,AI细分行业相关标的（A股）.xlsx
company_688205_sh,德科立,company,688205.SH,科创板,A股上市公司,AI细分行业相关标的（A股）.xlsx
company_300502_sz,新易盛,company,300502.SZ,创业板,A股上市公司,AI细分行业相关标的（A股）.xlsx
company_301205_sz,联特科技,company,301205.SZ,创业板,A股上市公司,AI细分行业相关标的（A股）.xlsx
company_688195_sh,腾景科技,company,688195.SH,科创板,A股上市公司,AI细分行业相关标的（A股）.xlsx
company_002792_sz,通宇通讯,company,002792.SZ,主板,A股上市公司,AI细分行业相关标的（A股）.xlsx
company_002902_sz,铭普光磁,company,002902.SZ,主板,A股上市公司,AI细分行业相关标的（A股）.xlsx
company_688313_sh,仕佳光子,company,688313.SH,科创板,A股上市公司,AI细分行业相关标的（A股）.xlsx
company_600105_sh,永鼎股份,company,600105.SH,主板,A股上市公司,AI细分行业相关标的（A股）.xlsx
company_000921_sz,海信家电,company,000921.SZ,主板,A股上市公司,AI细分行业相关标的（A股）.xlsx
company_688498_sh,源杰科技,company,688498.SH,科创板,A股上市公司,AI细分行业相关标的（A股）.xlsx
company_688048_sh,长光华芯,company,688048.SH,科创板,A股上市公司,AI细分行业相关标的（A股）.xlsx
company_600522_sh,中天科技,company,600522.SH,主板,A股上市公司,AI细分行业相关标的（A股）.xlsx
company_600487_sh,亨通光电,company,600487.SH,主板,A股上市公司,AI细分行业相关标的（A股）.xlsx
company_300757_sz,罗博特科,company,300757.SZ,创业板,A股上市公司,AI细分行业相关标的（A股）.xlsx
company_000066_sz,中国长城,company,000066.SZ,主板,A股上市公司,AI细分行业相关标的（A股）.xlsx
company_603019_sh,中科曙光,company,603019.SH,主板,A股上市公司,AI细分行业相关标的（A股）.xlsx
company_300857_sz,协创数据,company,300857.SZ,创业板,A股上市公司,AI细分行业相关标的（A股）.xlsx
company_600100_sh,同方股份,company,600100.SH,主板,A股上市公司,AI细分行业相关标的（A股）.xlsx
company_600839_sh,四川长虹,company,600839.SH,主板,A股上市公司,AI细分行业相关标的（A股）.xlsx
company_600449_sh,宁夏建材,company,600449.SH,主板,A股上市公司,AI细分行业相关标的（A股）.xlsx
company_601138_sh,工业富联,company,601138.SH,主板,A股上市公司,AI细分行业相关标的（A股）.xlsx
company_002152_sz,广电运通,company,002152.SZ,主板,A股上市公司,AI细分行业相关标的（A股）.xlsx
company_603496_sh,恒为科技,company,603496.SH,主板,A股上市公司,AI细分行业相关标的（A股）.xlsx
company_002261_sz,拓维信息,company,002261.SZ,主板,A股上市公司,AI细分行业相关标的（A股）.xlsx
company_000977_sz,浪潮信息,company,000977.SZ,主板,A股上市公司,AI细分行业相关标的（A股）.xlsx
company_600498_sh,烽火通信,company,600498.SH,主板,A股上市公司,AI细分行业相关标的（A股）.xlsx
company_000034_sz,神州数码,company,000034.SZ,主板,A股上市公司,AI细分行业相关标的（A股）.xlsx
company_000938_sz,紫光股份,company,000938.SZ,主板,A股上市公司,AI细分行业相关标的（A股）.xlsx
company_000628_sz,高新发展,company,000628.SZ,主板,A股上市公司,AI细分行业相关标的（A股）.xlsx
company_300684_sz,中石科技,company,300684.SZ,创业板,A股上市公司,AI细分行业相关标的（A股）.xlsx
company_603912_sh,佳力图,company,603912.SH,主板,A股上市公司,AI细分行业相关标的（A股）.xlsx
company_300249_sz,依米康,company,300249.SZ,创业板,A股上市公司,AI细分行业相关标的（A股）.xlsx
company_300990_sz,同飞股份,company,300990.SZ,创业板,A股上市公司,AI细分行业相关标的（A股）.xlsx
company_920808_bj,曙光数创,company,920808.BJ,北证,A股上市公司,AI细分行业相关标的（A股）.xlsx
company_301018_sz,申菱环境,company,301018.SZ,创业板,A股上市公司,AI细分行业相关标的（A股）.xlsx
company_002335_sz,科华数据,company,002335.SZ,主板,A股上市公司,AI细分行业相关标的（A股）.xlsx
company_002837_sz,英维克,company,002837.SZ,主板,A股上市公司,AI细分行业相关标的（A股）.xlsx
company_300602_sz,飞荣达,company,300602.SZ,创业板,A股上市公司,AI细分行业相关标的（A股）.xlsx
company_300499_sz,高澜股份,company,300499.SZ,创业板,A股上市公司,AI细分行业相关标的（A股）.xlsx
company_300913_sz,兆龙互连,company,300913.SZ,创业板,A股上市公司,AI细分行业相关标的（A股）.xlsx
company_301182_sz,凯旺科技,company,301182.SZ,创业板,A股上市公司,AI细分行业相关标的（A股）.xlsx
company_300991_sz,创益通,company,300991.SZ,创业板,A股上市公司,AI细分行业相关标的（A股）.xlsx
company_688629_sh,华丰科技,company,688629.SH,科创板,A股上市公司,AI细分行业相关标的（A股）.xlsx
company_601137_sh,博威合金,company,601137.SH,主板,A股上市公司,AI细分行业相关标的（A股）.xlsx
company_002897_sz,意华股份,company,002897.SZ,主板,A股上市公司,AI细分行业相关标的（A股）.xlsx
company_605277_sh,新亚电子,company,605277.SH,主板,A股上市公司,AI细分行业相关标的（A股）.xlsx
company_002130_sz,沃尔核材,company,002130.SZ,主板,A股上市公司,AI细分行业相关标的（A股）.xlsx
company_301280_sz,珠城科技,company,301280.SZ,创业板,A股上市公司,AI细分行业相关标的（A股）.xlsx
company_300679_sz,电连技术,company,300679.SZ,创业板,A股上市公司,AI细分行业相关标的（A股）.xlsx
company_002475_sz,立讯精密,company,002475.SZ,主板,A股上市公司,AI细分行业相关标的（A股）.xlsx
company_301328_sz,维峰电子,company,301328.SZ,创业板,A股上市公司,AI细分行业相关标的（A股）.xlsx
company_300252_sz,金信诺,company,300252.SZ,创业板,A股上市公司,AI细分行业相关标的（A股）.xlsx
company_688668_sh,鼎通科技,company,688668.SH,科创板,A股上市公司,AI细分行业相关标的（A股）.xlsx
company_301368_sz,丰立智能,company,301368.SZ,创业板,A股上市公司,AI细分行业相关标的（A股）.xlsx
company_603667_sh,五洲新春,company,603667.SH,主板,A股上市公司,AI细分行业相关标的（A股）.xlsx
company_002708_sz,光洋股份,company,002708.SZ,主板,A股上市公司,AI细分行业相关标的（A股）.xlsx
company_603009_sh,北特科技,company,603009.SH,主板,A股上市公司,AI细分行业相关标的（A股）.xlsx
company_001306_sz,夏厦精密,company,001306.SZ,主板,A股上市公司,AI细分行业相关标的（A股）.xlsx
company_601100_sh,恒立液压,company,601100.SH,主板,A股上市公司,AI细分行业相关标的（A股）.xlsx
company_301550_sz,斯菱股份,company,301550.SZ,创业板,A股上市公司,AI细分行业相关标的（A股）.xlsx
company_002520_sz,日发精机,company,002520.SZ,主板,A股上市公司,AI细分行业相关标的（A股）.xlsx
company_000837_sz,秦川机床,company,000837.SZ,主板,A股上市公司,AI细分行业相关标的（A股）.xlsx
company_300580_sz,贝斯特,company,300580.SZ,创业板,A股上市公司,AI细分行业相关标的（A股）.xlsx
company_300718_sz,长盛轴承,company,300718.SZ,创业板,A股上市公司,AI细分行业相关标的（A股）.xlsx
company_300953_sz,震裕科技,company,300953.SZ,创业板,A股上市公司,AI细分行业相关标的（A股）.xlsx
company_920593_bj,鼎智科技,company,920593.BJ,北证,A股上市公司,AI细分行业相关标的（A股）.xlsx
company_300354_sz,东华测试,company,300354.SZ,创业板,A股上市公司,AI细分行业相关标的（A股）.xlsx
company_603197_sh,保隆科技,company,603197.SH,主板,A股上市公司,AI细分行业相关标的（A股）.xlsx
company_600480_sh,凌云股份,company,600480.SH,主板,A股上市公司,AI细分行业相关标的（A股）.xlsx
company_688686_sh,奥普特,company,688686.SH,科创板,A股上市公司,AI细分行业相关标的（A股）.xlsx
company_920491_bj,奥迪威,company,920491.BJ,北证,A股上市公司,AI细分行业相关标的（A股）.xlsx
company_300445_sz,康斯特,company,300445.SZ,创业板,A股上市公司,AI细分行业相关标的（A股）.xlsx
company_300667_sz,必创科技,company,300667.SZ,创业板,A股上市公司,AI细分行业相关标的（A股）.xlsx
company_688286_sh,敏芯股份,company,688286.SH,科创板,A股上市公司,AI细分行业相关标的（A股）.xlsx
company_603662_sh,柯力传感,company,603662.SH,主板,A股上市公司,AI细分行业相关标的（A股）.xlsx
company_300701_sz,森霸传感,company,300701.SZ,创业板,A股上市公司,AI细分行业相关标的（A股）.xlsx
company_002456_sz,欧菲光,company,002456.SZ,主板,A股上市公司,AI细分行业相关标的（A股）.xlsx
company_300007_sz,汉威科技,company,300007.SZ,创业板,A股上市公司,AI细分行业相关标的（A股）.xlsx
company_688002_sh,睿创微纳,company,688002.SH,科创板,A股上市公司,AI细分行业相关标的（A股）.xlsx
company_300507_sz,苏奥传感,company,300507.SZ,创业板,A股上市公司,AI细分行业相关标的（A股）.xlsx
company_688539_sh,高华科技,company,688539.SH,科创板,A股上市公司,AI细分行业相关标的（A股）.xlsx
company_002414_sz,高德红外,company,002414.SZ,主板,A股上市公司,AI细分行业相关标的（A股）.xlsx
company_688698_sh,伟创电气,company,688698.SH,科创板,A股上市公司,AI细分行业相关标的（A股）.xlsx
company_603416_sh,信捷电气,company,603416.SH,主板,A股上市公司,AI细分行业相关标的（A股）.xlsx
company_003021_sz,兆威机电,company,003021.SZ,主板,A股上市公司,AI细分行业相关标的（A股）.xlsx
company_002402_sz,和而泰,company,002402.SZ,主板,A股上市公司,AI细分行业相关标的（A股）.xlsx
company_002747_sz,埃斯顿,company,002747.SZ,主板,A股上市公司,AI细分行业相关标的（A股）.xlsx
company_002249_sz,大洋电机,company,002249.SZ,主板,A股上市公司,AI细分行业相关标的（A股）.xlsx
company_603350_sh,安乃达,company,603350.SH,主板,A股上市公司,AI细分行业相关标的（A股）.xlsx
company_002801_sz,微光股份,company,002801.SZ,主板,A股上市公司,AI细分行业相关标的（A股）.xlsx
company_605555_sh,德昌股份,company,605555.SH,主板,A股上市公司,AI细分行业相关标的（A股）.xlsx
company_002139_sz,拓邦股份,company,002139.SZ,主板,A股上市公司,AI细分行业相关标的（A股）.xlsx
company_002196_sz,方正电机,company,002196.SZ,主板,A股上市公司,AI细分行业相关标的（A股）.xlsx
company_688160_sh,步科股份,company,688160.SH,科创板,A股上市公司,AI细分行业相关标的（A股）.xlsx
company_300124_sz,汇川技术,company,300124.SZ,创业板,A股上市公司,AI细分行业相关标的（A股）.xlsx
company_002176_sz,江特电机,company,002176.SZ,主板,A股上市公司,AI细分行业相关标的（A股）.xlsx
company_300660_sz,江苏雷利,company,300660.SZ,创业板,A股上市公司,AI细分行业相关标的（A股）.xlsx
company_688320_sh,禾川科技,company,688320.SH,科创板,A股上市公司,AI细分行业相关标的（A股）.xlsx
company_002979_sz,雷赛智能,company,002979.SZ,主板,A股上市公司,AI细分行业相关标的（A股）.xlsx
company_603728_sh,鸣志电器,company,603728.SH,主板,A股上市公司,AI细分行业相关标的（A股）.xlsx
company_002896_sz,中大力德,company,002896.SZ,主板,A股上市公司,AI细分行业相关标的（A股）.xlsx
company_920608_bj,丰安股份,company,920608.BJ,北证,A股上市公司,AI细分行业相关标的（A股）.xlsx
company_002553_sz,南方精工,company,002553.SZ,主板,A股上市公司,AI细分行业相关标的（A股）.xlsx
company_002472_sz,双环传动,company,002472.SZ,主板,A股上市公司,AI细分行业相关标的（A股）.xlsx
company_002164_sz,宁波东力,company,002164.SZ,主板,A股上市公司,AI细分行业相关标的（A股）.xlsx
company_002031_sz,巨轮智能,company,002031.SZ,主板,A股上市公司,AI细分行业相关标的（A股）.xlsx
company_002527_sz,新时达,company,002527.SZ,主板,A股上市公司,AI细分行业相关标的（A股）.xlsx
company_300503_sz,昊志机电,company,300503.SZ,创业板,A股上市公司,AI细分行业相关标的（A股）.xlsx
company_688017_sh,绿的谐波,company,688017.SH,科创板,A股上市公司,AI细分行业相关标的（A股）.xlsx
company_301255_sz,通力科技,company,301255.SZ,创业板,A股上市公司,AI细分行业相关标的（A股）.xlsx
company_002779_sz,中坚科技,company,002779.SZ,主板,A股上市公司,AI细分行业相关标的（A股）.xlsx
company_002698_sz,博实股份,company,002698.SZ,主板,A股上市公司,AI细分行业相关标的（A股）.xlsx
company_688165_sh,埃夫特,company,688165.SH,科创板,A股上市公司,AI细分行业相关标的（A股）.xlsx
company_002009_sz,天奇股份,company,002009.SZ,主板,A股上市公司,AI细分行业相关标的（A股）.xlsx
company_300607_sz,拓斯达,company,300607.SZ,创业板,A股上市公司,AI细分行业相关标的（A股）.xlsx
company_300024_sz,机器人,company,300024.SZ,创业板,A股上市公司,AI细分行业相关标的（A股）.xlsx
company_688169_sh,石头科技,company,688169.SH,科创板,A股上市公司,AI细分行业相关标的（A股）.xlsx
company_603486_sh,科沃斯,company,603486.SH,主板,A股上市公司,AI细分行业相关标的（A股）.xlsx
company_301236_sz,软通动力,company,301236.SZ,创业板,A股上市公司,AI细分行业相关标的（A股）.xlsx
company_688135_sh,利扬芯片,company,688135.SH,科创板,A股上市公司,AI细分行业相关标的（A股）.xlsx
company_002185_sz,华天科技,company,002185.SZ,主板,A股上市公司,AI细分行业相关标的（A股）.xlsx
company_600460_sh,士兰微,company,600460.SH,主板,A股上市公司,AI细分行业相关标的（A股）.xlsx
company_002077_sz,大港股份,company,002077.SZ,主板,A股上市公司,AI细分行业相关标的（A股）.xlsx
company_603005_sh,晶方科技,company,603005.SH,主板,A股上市公司,AI细分行业相关标的（A股）.xlsx
company_688216_sh,气派科技,company,688216.SH,科创板,A股上市公司,AI细分行业相关标的（A股）.xlsx
company_688403_sh,汇成股份,company,688403.SH,科创板,A股上市公司,AI细分行业相关标的（A股）.xlsx
company_000021_sz,深科技,company,000021.SZ,主板,A股上市公司,AI细分行业相关标的（A股）.xlsx
company_688362_sh,甬矽电子,company,688362.SH,科创板,A股上市公司,AI细分行业相关标的（A股）.xlsx
company_688521_sh,芯原股份,company,688521.SH,科创板,A股上市公司,AI细分行业相关标的（A股）.xlsx
company_002156_sz,通富微电,company,002156.SZ,主板,A股上市公司,AI细分行业相关标的（A股）.xlsx
company_600584_sh,长电科技,company,600584.SH,主板,A股上市公司,AI细分行业相关标的（A股）.xlsx
company_688352_sh,颀中科技,company,688352.SH,科创板,A股上市公司,AI细分行业相关标的（A股）.xlsx
company_301387_sz,光大同创,company,301387.SZ,创业板,A股上市公司,AI细分行业相关标的（A股）.xlsx
company_603296_sh,华勤技术,company,603296.SH,主板,A股上市公司,AI细分行业相关标的（A股）.xlsx
company_000049_sz,德赛电池,company,000049.SZ,主板,A股上市公司,AI细分行业相关标的（A股）.xlsx
company_301489_sz,思泉新材,company,301489.SZ,创业板,A股上市公司,AI细分行业相关标的（A股）.xlsx
company_603890_sh,春秋电子,company,603890.SH,主板,A股上市公司,AI细分行业相关标的（A股）.xlsx
company_300207_sz,欣旺达,company,300207.SZ,创业板,A股上市公司,AI细分行业相关标的（A股）.xlsx
company_002241_sz,歌尔股份,company,002241.SZ,主板,A股上市公司,AI细分行业相关标的（A股）.xlsx
company_002273_sz,水晶光电,company,002273.SZ,主板,A股上市公司,AI细分行业相关标的（A股）.xlsx
company_603327_sh,福蓉科技,company,603327.SH,主板,A股上市公司,AI细分行业相关标的（A股）.xlsx
company_301209_sz,英力股份,company,301209.SZ,创业板,A股上市公司,AI细分行业相关标的（A股）.xlsx
company_300433_sz,蓝思科技,company,300433.SZ,创业板,A股上市公司,AI细分行业相关标的（A股）.xlsx
company_300115_sz,长盈精密,company,300115.SZ,创业板,A股上市公司,AI细分行业相关标的（A股）.xlsx
company_301389_sz,隆扬电子,company,301389.SZ,创业板,A股上市公司,AI细分行业相关标的（A股）.xlsx
company_002600_sz,领益智造,company,002600.SZ,主板,A股上市公司,AI细分行业相关标的（A股）.xlsx
company_603341_sh,龙旗科技,company,603341.SH,主板,A股上市公司,AI细分行业相关标的（A股）.xlsx
company_300496_sz,中科创达,company,300496.SZ,创业板,A股上市公司,AI细分行业相关标的（A股）.xlsx
company_603596_sh,伯特利,company,603596.SH,主板,A股上市公司,AI细分行业相关标的（A股）.xlsx
company_301221_sz,光庭信息,company,301221.SZ,创业板,A股上市公司,AI细分行业相关标的（A股）.xlsx
company_600741_sh,华域汽车,company,600741.SH,主板,A股上市公司,AI细分行业相关标的（A股）.xlsx
company_002906_sz,华阳集团,company,002906.SZ,主板,A股上市公司,AI细分行业相关标的（A股）.xlsx
company_600699_sh,均胜电子,company,600699.SH,主板,A股上市公司,AI细分行业相关标的（A股）.xlsx
company_002920_sz,德赛西威,company,002920.SZ,主板,A股上市公司,AI细分行业相关标的（A股）.xlsx
company_603960_sh,科博达,company,603960.SH,主板,A股上市公司,AI细分行业相关标的（A股）.xlsx
company_688326_sh,经纬恒润,company,688326.SH,科创板,A股上市公司,AI细分行业相关标的（A股）.xlsx
company_002036_sz,联创电子,company,002036.SZ,主板,A股上市公司,AI细分行业相关标的（A股）.xlsx
company_688088_sh,虹软科技,company,688088.SH,科创板,A股上市公司,AI细分行业相关标的（A股）.xlsx
company_002970_sz,锐明技术,company,002970.SZ,主板,A股上市公司,AI细分行业相关标的（A股）.xlsx
company_300552_sz,万集科技,company,300552.SZ,创业板,A股上市公司,AI细分行业相关标的（A股）.xlsx
company_688322_sh,奥比中光,company,688322.SH,科创板,A股上市公司,AI细分行业相关标的（A股）.xlsx
company_603297_sh,永新光学,company,603297.SH,主板,A股上市公司,AI细分行业相关标的（A股）.xlsx
company_688167_sh,炬光科技,company,688167.SH,科创板,A股上市公司,AI细分行业相关标的（A股）.xlsx
company_688127_sh,蓝特光学,company,688127.SH,科创板,A股上市公司,AI细分行业相关标的（A股）.xlsx
company_002602_sz,世纪华通,company,002602.SZ,主板,A股上市公司,AI细分行业相关标的（A股）.xlsx
company_603220_sh,中贝通信,company,603220.SH,主板,A股上市公司,AI细分行业相关标的（A股）.xlsx
company_688158_sh,优刻得,company,688158.SH,科创板,A股上市公司,AI细分行业相关标的（A股）.xlsx
company_300383_sz,光环新网,company,300383.SZ,创业板,A股上市公司,AI细分行业相关标的（A股）.xlsx
company_603629_sh,利通电子,company,603629.SH,主板,A股上市公司,AI细分行业相关标的（A股）.xlsx
company_300738_sz,奥飞数据,company,300738.SZ,创业板,A股上市公司,AI细分行业相关标的（A股）.xlsx
company_600845_sh,宝信软件,company,600845.SH,主板,A股上市公司,AI细分行业相关标的（A股）.xlsx
company_920493_bj,并行科技,company,920493.BJ,北证,A股上市公司,AI细分行业相关标的（A股）.xlsx
company_603985_sh,恒润股份,company,603985.SH,主板,A股上市公司,AI细分行业相关标的（A股）.xlsx
company_603881_sh,数据港,company,603881.SH,主板,A股上市公司,AI细分行业相关标的（A股）.xlsx
company_002929_sz,润建股份,company,002929.SZ,主板,A股上市公司,AI细分行业相关标的（A股）.xlsx
company_300442_sz,润泽科技,company,300442.SZ,创业板,A股上市公司,AI细分行业相关标的（A股）.xlsx
company_002518_sz,科士达,company,002518.SZ,主板,A股上市公司,AI细分行业相关标的（A股）.xlsx
company_600186_sh,莲花控股,company,600186.SH,主板,A股上市公司,AI细分行业相关标的（A股）.xlsx
company_300798_sz,锦鸡股份,company,300798.SZ,创业板,A股上市公司,AI细分行业相关标的（A股）.xlsx
company_688316_sh,青云科技,company,688316.SH,科创板,A股上市公司,AI细分行业相关标的（A股）.xlsx
company_300846_sz,首都在线,company,300846.SZ,创业板,A股上市公司,AI细分行业相关标的（A股）.xlsx
company_002229_sz,鸿博股份,company,002229.SZ,主板,A股上市公司,AI细分行业相关标的（A股）.xlsx
company_000719_sz,中原传媒,company,000719.SZ,主板,A股上市公司,AI细分行业相关标的（A股）.xlsx
company_601949_sh,中国出版,company,601949.SH,主板,A股上市公司,AI细分行业相关标的（A股）.xlsx
company_601858_sh,中国科传,company,601858.SH,主板,A股上市公司,AI细分行业相关标的（A股）.xlsx
company_300364_sz,中文在线,company,300364.SZ,创业板,A股上市公司,AI细分行业相关标的（A股）.xlsx
company_002777_sz,久远银海,company,002777.SZ,主板,A股上市公司,AI细分行业相关标的（A股）.xlsx
company_603000_sh,人民网,company,603000.SH,主板,A股上市公司,AI细分行业相关标的（A股）.xlsx
company_002368_sz,太极股份,company,002368.SZ,主板,A股上市公司,AI细分行业相关标的（A股）.xlsx
company_688579_sh,山大地纬,company,688579.SH,科创板,A股上市公司,AI细分行业相关标的（A股）.xlsx
company_002908_sz,德生科技,company,002908.SZ,主板,A股上市公司,AI细分行业相关标的（A股）.xlsx
company_300229_sz,拓尔思,company,300229.SZ,创业板,A股上市公司,AI细分行业相关标的（A股）.xlsx
company_603888_sh,新华网,company,603888.SH,主板,A股上市公司,AI细分行业相关标的（A股）.xlsx
company_300212_sz,易华录,company,300212.SZ,创业板,A股上市公司,AI细分行业相关标的（A股）.xlsx
company_300766_sz,每日互动,company,300766.SZ,创业板,A股上市公司,AI细分行业相关标的（A股）.xlsx
company_600633_sh,浙数文化,company,600633.SH,主板,A股上市公司,AI细分行业相关标的（A股）.xlsx
company_688787_sh,海天瑞声,company,688787.SH,科创板,A股上市公司,AI细分行业相关标的（A股）.xlsx
company_000032_sz,深桑达A,company,000032.SZ,主板,A股上市公司,AI细分行业相关标的（A股）.xlsx
company_002095_sz,生意宝,company,002095.SZ,主板,A股上市公司,AI细分行业相关标的（A股）.xlsx
company_603918_sh,金桥信息,company,603918.SH,主板,A股上市公司,AI细分行业相关标的（A股）.xlsx
company_301169_sz,零点有数,company,301169.SZ,创业板,A股上市公司,AI细分行业相关标的（A股）.xlsx
company_300624_sz,万兴科技,company,300624.SZ,创业板,A股上市公司,AI细分行业相关标的（A股）.xlsx
company_601360_sh,三六零,company,601360.SH,主板,A股上市公司,AI细分行业相关标的（A股）.xlsx
company_300166_sz,东方国信,company,300166.SZ,创业板,A股上市公司,AI细分行业相关标的（A股）.xlsx
company_688327_sh,云从科技,company,688327.SH,科创板,A股上市公司,AI细分行业相关标的（A股）.xlsx
company_688228_sh,开普云,company,688228.SH,科创板,A股上市公司,AI细分行业相关标的（A股）.xlsx
company_688039_sh,当虹科技,company,688039.SH,科创板,A股上市公司,AI细分行业相关标的（A股）.xlsx
company_300418_sz,昆仑万维,company,300418.SZ,创业板,A股上市公司,AI细分行业相关标的（A股）.xlsx
company_688207_sh,格灵深瞳,company,688207.SH,科创板,A股上市公司,AI细分行业相关标的（A股）.xlsx
company_002362_sz,汉王科技,company,002362.SZ,主板,A股上市公司,AI细分行业相关标的（A股）.xlsx
company_002230_sz,科大讯飞,company,002230.SZ,主板,A股上市公司,AI细分行业相关标的（A股）.xlsx
company_002555_sz,三七互娱,company,002555.SZ,主板,A股上市公司,AI细分行业相关标的（A股）.xlsx
company_601595_sh,上海电影,company,601595.SH,主板,A股上市公司,AI细分行业相关标的（A股）.xlsx
company_300251_sz,光线传媒,company,300251.SZ,创业板,A股上市公司,AI细分行业相关标的（A股）.xlsx
company_300533_sz,冰川网络,company,300533.SZ,创业板,A股上市公司,AI细分行业相关标的（A股）.xlsx
company_300133_sz,华策影视,company,300133.SZ,创业板,A股上市公司,AI细分行业相关标的（A股）.xlsx
company_603444_sh,吉比特,company,603444.SH,主板,A股上市公司,AI细分行业相关标的（A股）.xlsx
company_300781_sz,因赛集团,company,300781.SZ,创业板,A股上市公司,AI细分行业相关标的（A股）.xlsx
company_600556_sh,天下秀,company,600556.SH,主板,A股上市公司,AI细分行业相关标的（A股）.xlsx
company_300063_sz,天龙集团,company,300063.SZ,创业板,A股上市公司,AI细分行业相关标的（A股）.xlsx
company_002624_sz,完美世界,company,002624.SZ,主板,A股上市公司,AI细分行业相关标的（A股）.xlsx
company_300031_sz,宝通科技,company,300031.SZ,创业板,A股上市公司,AI细分行业相关标的（A股）.xlsx
company_603598_sh,引力传媒,company,603598.SH,主板,A股上市公司,AI细分行业相关标的（A股）.xlsx
company_002517_sz,恺英网络,company,002517.SZ,主板,A股上市公司,AI细分行业相关标的（A股）.xlsx
company_002343_sz,慈文传媒,company,002343.SZ,主板,A股上市公司,AI细分行业相关标的（A股）.xlsx
company_300315_sz,掌趣科技,company,300315.SZ,创业板,A股上市公司,AI细分行业相关标的（A股）.xlsx
company_000892_sz,欢瑞世纪,company,000892.SZ,主板,A股上市公司,AI细分行业相关标的（A股）.xlsx
company_300459_sz,汤姆猫,company,300459.SZ,创业板,A股上市公司,AI细分行业相关标的（A股）.xlsx
company_600986_sh,浙文互联,company,600986.SH,主板,A股上市公司,AI细分行业相关标的（A股）.xlsx
company_002174_sz,游族网络,company,002174.SZ,主板,A股上市公司,AI细分行业相关标的（A股）.xlsx
company_300291_sz,百纳千成,company,300291.SZ,创业板,A股上市公司,AI细分行业相关标的（A股）.xlsx
company_300494_sz,盛天网络,company,300494.SZ,创业板,A股上市公司,AI细分行业相关标的（A股）.xlsx
company_002400_sz,省广集团,company,002400.SZ,主板,A股上市公司,AI细分行业相关标的（A股）.xlsx
company_300002_sz,神州泰岳,company,300002.SZ,创业板,A股上市公司,AI细分行业相关标的（A股）.xlsx
company_300413_sz,芒果超媒,company,300413.SZ,创业板,A股上市公司,AI细分行业相关标的（A股）.xlsx
company_300058_sz,蓝色光标,company,300058.SZ,创业板,A股上市公司,AI细分行业相关标的（A股）.xlsx
company_300634_sz,彩讯股份,company,300634.SZ,创业板,A股上市公司,AI细分行业相关标的（A股）.xlsx
company_300170_sz,汉得信息,company,300170.SZ,创业板,A股上市公司,AI细分行业相关标的（A股）.xlsx
company_603039_sh,泛微网络,company,603039.SH,主板,A股上市公司,AI细分行业相关标的（A股）.xlsx
company_600588_sh,用友网络,company,600588.SH,主板,A股上市公司,AI细分行业相关标的（A股）.xlsx
company_688095_sh,福昕软件,company,688095.SH,科创板,A股上市公司,AI细分行业相关标的（A股）.xlsx
company_688369_sh,致远互联,company,688369.SH,科创板,A股上市公司,AI细分行业相关标的（A股）.xlsx
company_688111_sh,金山办公,company,688111.SH,科创板,A股上市公司,AI细分行业相关标的（A股）.xlsx
company_300378_sz,鼎捷软件,company,300378.SZ,创业板,A股上市公司,AI细分行业相关标的（A股）.xlsx
company_300168_sz,万达信息,company,300168.SZ,创业板,A股上市公司,AI细分行业相关标的（A股）.xlsx
company_002065_sz,东华软件,company,002065.SZ,主板,A股上市公司,AI细分行业相关标的（A股）.xlsx
company_600718_sh,东软集团,company,600718.SH,主板,A股上市公司,AI细分行业相关标的（A股）.xlsx
company_301060_sz,兰卫医学,company,301060.SZ,创业板,A股上市公司,AI细分行业相关标的（A股）.xlsx
company_300451_sz,创业慧康,company,300451.SZ,创业板,A股上市公司,AI细分行业相关标的（A股）.xlsx
company_300253_sz,卫宁健康,company,300253.SZ,创业板,A股上市公司,AI细分行业相关标的（A股）.xlsx
company_688246_sh,嘉和美康,company,688246.SH,科创板,A股上市公司,AI细分行业相关标的（A股）.xlsx
company_688393_sh,安必平,company,688393.SH,科创板,A股上市公司,AI细分行业相关标的（A股）.xlsx
company_300078_sz,思创医惠,company,300078.SZ,创业板,A股上市公司,AI细分行业相关标的（A股）.xlsx
company_688222_sh,成都先导,company,688222.SH,科创板,A股上市公司,AI细分行业相关标的（A股）.xlsx
company_300288_sz,朗玛信息,company,300288.SZ,创业板,A股上市公司,AI细分行业相关标的（A股）.xlsx
company_301230_sz,泓博医药,company,301230.SZ,创业板,A股上市公司,AI细分行业相关标的（A股）.xlsx
company_603108_sh,润达医疗,company,603108.SH,主板,A股上市公司,AI细分行业相关标的（A股）.xlsx
company_688131_sh,皓元医药,company,688131.SH,科创板,A股上市公司,AI细分行业相关标的（A股）.xlsx
company_688202_sh,美迪西,company,688202.SH,科创板,A股上市公司,AI细分行业相关标的（A股）.xlsx
company_300725_sz,药石科技,company,300725.SZ,创业板,A股上市公司,AI细分行业相关标的（A股）.xlsx
company_603882_sh,金域医学,company,603882.SH,主板,A股上市公司,AI细分行业相关标的（A股）.xlsx
company_300341_sz,麦克奥迪,company,300341.SZ,创业板,A股上市公司,AI细分行业相关标的（A股）.xlsx
company_688618_sh,三旺通信,company,688618.SH,科创板,A股上市公司,AI细分行业相关标的（A股）.xlsx
company_300353_sz,东土科技,company,300353.SZ,创业板,A股上市公司,AI细分行业相关标的（A股）.xlsx
company_688777_sh,中控技术,company,688777.SH,科创板,A股上市公司,AI细分行业相关标的（A股）.xlsx
company_688080_sh,映翰通,company,688080.SH,科创板,A股上市公司,AI细分行业相关标的（A股）.xlsx
company_688188_sh,柏楚电子,company,688188.SH,科创板,A股上市公司,AI细分行业相关标的（A股）.xlsx
company_300358_sz,楚天科技,company,300358.SZ,创业板,A股上市公司,AI细分行业相关标的（A股）.xlsx
company_688218_sh,江苏北人,company,688218.SH,科创板,A股上市公司,AI细分行业相关标的（A股）.xlsx
company_688090_sh,瑞松科技,company,688090.SH,科创板,A股上市公司,AI细分行业相关标的（A股）.xlsx
company_300222_sz,科大智能,company,300222.SZ,创业板,A股上市公司,AI细分行业相关标的（A股）.xlsx
company_300508_sz,维宏股份,company,300508.SZ,创业板,A股上市公司,AI细分行业相关标的（A股）.xlsx
company_603859_sh,能科科技,company,603859.SH,主板,A股上市公司,AI细分行业相关标的（A股）.xlsx
company_300687_sz,赛意信息,company,300687.SZ,创业板,A股上市公司,AI细分行业相关标的（A股）.xlsx
company_300059_sz,东方财富,company,300059.SZ,创业板,A股上市公司,AI细分行业相关标的（A股）.xlsx
company_301208_sz,中亦科技,company,301208.SZ,创业板,A股上市公司,AI细分行业相关标的（A股）.xlsx
company_002657_sz,中科金财,company,002657.SZ,主板,A股上市公司,AI细分行业相关标的（A股）.xlsx
company_002987_sz,京北方,company,002987.SZ,主板,A股上市公司,AI细分行业相关标的（A股）.xlsx
company_688588_sh,凌志软件,company,688588.SH,科创板,A股上市公司,AI细分行业相关标的（A股）.xlsx
company_300033_sz,同花顺,company,300033.SZ,创业板,A股上市公司,AI细分行业相关标的（A股）.xlsx
company_601519_sh,大智慧,company,601519.SH,主板,A股上市公司,AI细分行业相关标的（A股）.xlsx
company_300872_sz,天阳科技,company,300872.SZ,创业板,A股上市公司,AI细分行业相关标的（A股）.xlsx
company_300674_sz,宇信科技,company,300674.SZ,创业板,A股上市公司,AI细分行业相关标的（A股）.xlsx
company_300380_sz,安硕信息,company,300380.SZ,创业板,A股上市公司,AI细分行业相关标的（A股）.xlsx
company_600570_sh,恒生电子,company,600570.SH,主板,A股上市公司,AI细分行业相关标的（A股）.xlsx
company_300803_sz,指南针,company,300803.SZ,创业板,A股上市公司,AI细分行业相关标的（A股）.xlsx
company_688590_sh,新致软件,company,688590.SH,科创板,A股上市公司,AI细分行业相关标的（A股）.xlsx
company_300663_sz,科蓝软件,company,300663.SZ,创业板,A股上市公司,AI细分行业相关标的（A股）.xlsx
company_688318_sh,财富趋势,company,688318.SH,科创板,A股上市公司,AI细分行业相关标的（A股）.xlsx
company_300377_sz,赢时胜,company,300377.SZ,创业板,A股上市公司,AI细分行业相关标的（A股）.xlsx
company_600446_sh,金证股份,company,600446.SH,主板,A股上市公司,AI细分行业相关标的（A股）.xlsx
company_300085_sz,银之杰,company,300085.SZ,创业板,A股上市公司,AI细分行业相关标的（A股）.xlsx
company_300348_sz,长亮科技,company,300348.SZ,创业板,A股上市公司,AI细分行业相关标的（A股）.xlsx
company_603383_sh,顶点软件,company,603383.SH,主板,A股上市公司,AI细分行业相关标的（A股）.xlsx
company_300465_sz,高伟达,company,300465.SZ,创业板,A股上市公司,AI细分行业相关标的（A股）.xlsx
company_002158_sz,汉钟精机,company,002158.SZ,主板,A股上市公司,叶子节点-产业_A股龙头_from_嘉成.csv
company_300441_sz,鲍斯股份,company,300441.SZ,创业板,A股上市公司,叶子节点-产业_A股龙头_from_嘉成.csv
company_688652_sh,京仪装备,company,688652.SH,科创板,A股上市公司,叶子节点-产业_A股龙头_from_嘉成.csv
company_688981_sh,中芯国际,company,688981.SH,科创板,A股上市公司,叶子节点-产业_A股龙头_from_嘉成.csv
company_688347_sh,华虹公司,company,688347.SH,科创板,A股上市公司,叶子节点-产业_A股龙头_from_嘉成.csv
company_688249_sh,晶合集成,company,688249.SH,科创板,A股上市公司,叶子节点-产业_A股龙头_from_嘉成.csv
company_688396_sh,华润微,company,688396.SH,科创板,A股上市公司,叶子节点-产业_A股龙头_from_嘉成.csv
company_300672_sz,国科微,company,300672.SZ,创业板,A股上市公司,叶子节点-产业_A股龙头_from_嘉成.csv
company_688008_sh,澜起科技,company,688008.SH,科创板,A股上市公司,叶子节点-产业_A股龙头_from_嘉成.csv
company_002415_sz,海康威视,company,002415.SZ,主板,A股上市公司,叶子节点-产业_A股龙头_from_嘉成.csv
company_002236_sz,大华股份,company,002236.SZ,主板,A股上市公司,叶子节点-产业_A股龙头_from_嘉成.csv
company_603078_sh,江化微,company,603078.SH,主板,A股上市公司,叶子节点-产业_A股龙头_from_嘉成.csv
company_603931_sh,格林达,company,603931.SH,主板,A股上市公司,叶子节点-产业_A股龙头_from_嘉成.csv
company_688120_sh,华海清科,company,688120.SH,科创板,A股上市公司,叶子节点-产业_A股龙头_from_嘉成.csv
company_603929_sh,亚翔集成,company,603929.SH,主板,A股上市公司,叶子节点-产业_A股龙头_from_嘉成.csv
company_603163_sh,圣晖集成,company,603163.SH,主板,A股上市公司,叶子节点-产业_A股龙头_from_嘉成.csv
company_601133_sh,柏诚股份,company,601133.SH,主板,A股上市公司,叶子节点-产业_A股龙头_from_嘉成.csv
company_601668_sh,中国建筑,company,601668.SH,主板,A股上市公司,叶子节点-产业_A股龙头_from_嘉成.csv
company_601618_sh,中国中冶,company,601618.SH,主板,A股上市公司,叶子节点-产业_A股龙头_from_嘉成.csv
company_688262_sh,国芯科技,company,688262.SH,科创板,A股上市公司,叶子节点-产业_A股龙头_from_嘉成.csv
company_300480_sz,光力科技,company,300480.SZ,创业板,A股上市公司,叶子节点-产业_A股龙头_from_嘉成.csv
company_002008_sz,大族激光,company,002008.SZ,主板,A股上市公司,叶子节点-产业_A股龙头_from_嘉成.csv
company_688170_sh,德龙激光,company,688170.SH,科创板,A股上市公司,叶子节点-产业_A股龙头_from_嘉成.csv
company_688603_sh,天承科技,company,688603.SH,科创板,A股上市公司,叶子节点-产业_A股龙头_from_嘉成.csv
company_002049_sz,紫光国微,company,002049.SZ,主板,A股上市公司,叶子节点-产业_A股龙头_from_嘉成.csv
company_688709_sh,成都华微,company,688709.SH,科创板,A股上市公司,叶子节点-产业_A股龙头_from_嘉成.csv
company_600900_sh,长江电力,company,600900.SH,主板,A股上市公司,叶子节点-产业_A股龙头_from_嘉成.csv
company_600025_sh,华能水电,company,600025.SH,主板,A股上市公司,叶子节点-产业_A股龙头_from_嘉成.csv
company_600886_sh,国投电力,company,600886.SH,主板,A股上市公司,叶子节点-产业_A股龙头_from_嘉成.csv
company_600674_sh,川投能源,company,600674.SH,主板,A股上市公司,叶子节点-产业_A股龙头_from_嘉成.csv
company_600236_sh,桂冠电力,company,600236.SH,主板,A股上市公司,叶子节点-产业_A股龙头_from_嘉成.csv
company_300678_sz,中科信息,company,300678.SZ,创业板,A股上市公司,叶子节点-产业_A股龙头_from_嘉成.csv
company_688200_sh,华峰测控,company,688200.SH,科创板,A股上市公司,叶子节点-产业_A股龙头_from_嘉成.csv
company_300604_sz,长川科技,company,300604.SZ,创业板,A股上市公司,叶子节点-产业_A股龙头_from_嘉成.csv
company_300458_sz,全志科技,company,300458.SZ,创业板,A股上市公司,叶子节点-产业_A股龙头_from_嘉成.csv
company_688018_sh,乐鑫科技,company,688018.SH,科创板,A股上市公司,叶子节点-产业_A股龙头_from_嘉成.csv
company_300316_sz,晶盛机电,company,300316.SZ,创业板,A股上市公司,叶子节点-产业_A股龙头_from_嘉成.csv
company_601908_sh,京运通,company,601908.SH,主板,A股上市公司,叶子节点-产业_A股龙头_from_嘉成.csv
company_835368_bj,连城数控,company,835368.BJ,北证,A股上市公司,叶子节点-产业_A股龙头_from_嘉成.csv
company_688516_sh,奥特维,company,688516.SH,科创板,A股上市公司,叶子节点-产业_A股龙头_from_嘉成.csv
company_600330_sh,天通股份,company,600330.SH,主板,A股上市公司,叶子节点-产业_A股龙头_from_嘉成.csv
company_603061_sh,金海通,company,603061.SH,主板,A股上市公司,叶子节点-产业_A股龙头_from_嘉成.csv
company_301369_sz,联动科技,company,301369.SZ,创业板,A股上市公司,叶子节点-产业_A股龙头_from_嘉成.csv
company_300776_sz,帝尔激光,company,300776.SZ,创业板,A股上市公司,叶子节点-产业_A股龙头_from_嘉成.csv
company_002943_sz,宇晶股份,company,002943.SZ,主板,A股上市公司,叶子节点-产业_A股龙头_from_嘉成.csv
company_601012_sh,隆基绿能,company,601012.SH,主板,A股上市公司,叶子节点-产业_A股龙头_from_嘉成.csv
company_600438_sh,通威股份,company,600438.SH,主板,A股上市公司,叶子节点-产业_A股龙头_from_嘉成.csv
company_300274_sz,阳光电源,company,300274.SZ,创业板,A股上市公司,叶子节点-产业_A股龙头_from_嘉成.csv
company_002202_sz,金风科技,company,002202.SZ,主板,A股上市公司,叶子节点-产业_A股龙头_from_嘉成.csv
company_600905_sh,三峡能源,company,600905.SH,主板,A股上市公司,叶子节点-产业_A股龙头_from_嘉成.csv
company_603893_sh,瑞芯微,company,603893.SH,主板,A股上市公司,叶子节点-产业_A股龙头_from_嘉成.csv
company_002405_sz,四维图新,company,002405.SZ,主板,A股上市公司,叶子节点-产业_A股龙头_from_嘉成.csv
company_601231_sh,环旭电子,company,601231.SH,主板,A股上市公司,叶子节点-产业_A股龙头_from_嘉成.csv
company_301128_sz,强瑞技术,company,301128.SZ,创业板,A股上市公司,叶子节点-产业_A股龙头_from_嘉成.csv
company_002594_sz,比亚迪,company,002594.SZ,主板,A股上市公司,叶子节点-产业_A股龙头_from_嘉成.csv
company_000625_sz,长安汽车,company,000625.SZ,主板,A股上市公司,叶子节点-产业_A股龙头_from_嘉成.csv
company_601127_sh,赛力斯,company,601127.SH,主板,A股上市公司,叶子节点-产业_A股龙头_from_嘉成.csv
company_600104_sh,上汽集团,company,600104.SH,主板,A股上市公司,叶子节点-产业_A股龙头_from_嘉成.csv
company_601238_sh,广汽集团,company,601238.SH,主板,A股上市公司,叶子节点-产业_A股龙头_from_嘉成.csv
company_603786_sh,科博达,company,603786.SH,主板,A股上市公司,叶子节点-产业_A股龙头_from_嘉成.csv
company_300627_sz,华测导航,company,300627.SZ,创业板,A股上市公司,叶子节点-产业_A股龙头_from_嘉成.csv
company_002151_sz,北斗星通,company,002151.SZ,主板,A股上市公司,叶子节点-产业_A股龙头_from_嘉成.csv
company_002465_sz,海格通信,company,002465.SZ,主板,A股上市公司,叶子节点-产业_A股龙头_from_嘉成.csv
company_300101_sz,振芯科技,company,300101.SZ,创业板,A股上市公司,叶子节点-产业_A股龙头_from_嘉成.csv
company_002383_sz,合众思壮,company,002383.SZ,主板,A股上市公司,叶子节点-产业_A股龙头_from_嘉成.csv
company_300177_sz,中海达,company,300177.SZ,创业板,A股上市公司,叶子节点-产业_A股龙头_from_嘉成.csv
company_300036_sz,超图软件,company,300036.SZ,创业板,A股上市公司,叶子节点-产业_A股龙头_from_嘉成.csv
company_688582_sh,芯动联科,company,688582.SH,科创板,A股上市公司,叶子节点-产业_A股龙头_from_嘉成.csv
company_688071_sh,华依科技,company,688071.SH,科创板,A股上市公司,叶子节点-产业_A股龙头_from_嘉成.csv
company_002079_sz,苏州固锝,company,002079.SZ,主板,A股上市公司,叶子节点-产业_A股龙头_from_嘉成.csv
company_600879_sh,航天电子,company,600879.SH,主板,A股上市公司,叶子节点-产业_A股龙头_from_嘉成.csv
company_300620_sz,光库科技,company,300620.SZ,创业板,A股上市公司,叶子节点-产业_A股龙头_from_嘉成.csv
company_688400_sh,凌云光,company,688400.SH,科创板,A股上市公司,叶子节点-产业_A股龙头_from_嘉成.csv
company_300802_sz,矩子科技,company,300802.SZ,创业板,A股上市公司,叶子节点-产业_A股龙头_from_嘉成.csv
company_002413_sz,雷科防务,company,002413.SZ,主板,A股上市公司,叶子节点-产业_A股龙头_from_嘉成.csv
company_603501_sh,豪威集团,company,603501.SH,主板,A股上市公司,叶子节点-产业_A股龙头_from_嘉成.csv
company_300782_sz,卓胜微,company,300782.SZ,创业板,A股上市公司,叶子节点-产业_A股龙头_from_嘉成.csv
company_603160_sh,汇顶科技,company,603160.SH,主板,A股上市公司,叶子节点-产业_A股龙头_from_嘉成.csv
company_688728_sh,格科微,company,688728.SH,科创板,A股上市公司,叶子节点-产业_A股龙头_from_嘉成.csv
company_300806_sz,斯迪克,company,300806.SZ,创业板,A股上市公司,叶子节点-产业_A股龙头_from_嘉成.csv
company_300421_sz,力星股份,company,300421.SZ,创业板,A股上市公司,叶子节点-产业_A股龙头_from_嘉成.csv
company_002046_sz,国机精工,company,002046.SZ,主板,A股上市公司,叶子节点-产业_A股龙头_from_嘉成.csv
company_000678_sz,襄阳轴承,company,000678.SZ,主板,A股上市公司,叶子节点-产业_A股龙头_from_嘉成.csv
company_300098_sz,高新兴,company,300098.SZ,创业板,A股上市公司,叶子节点-产业_A股龙头_from_嘉成.csv
company_603236_sh,移远通信,company,603236.SH,主板,A股上市公司,叶子节点-产业_A股龙头_from_嘉成.csv
company_300638_sz,广和通,company,300638.SZ,创业板,A股上市公司,叶子节点-产业_A股龙头_from_嘉成.csv
company_688159_sh,有方科技,company,688159.SH,科创板,A股上市公司,叶子节点-产业_A股龙头_from_嘉成.csv
company_002373_sz,千方科技,company,002373.SZ,主板,A股上市公司,叶子节点-产业_A股龙头_from_嘉成.csv
company_002869_sz,金溢科技,company,002869.SZ,主板,A股上市公司,叶子节点-产业_A股龙头_from_嘉成.csv
company_300077_sz,国民技术,company,300077.SZ,创业板,A股上市公司,叶子节点-产业_A股龙头_from_嘉成.csv
company_002881_sz,美格智能,company,002881.SZ,主板,A股上市公司,叶子节点-产业_A股龙头_from_嘉成.csv
company_002313_sz,日海智能,company,002313.SZ,主板,A股上市公司,叶子节点-产业_A股龙头_from_嘉成.csv
company_002813_sz,路畅科技,company,002813.SZ,主板,A股上市公司,叶子节点-产业_A股龙头_from_嘉成.csv
